Handle,Data center,Date,Chip type,Number of Units,Chip type source,Number of Units source,Owner,User,Notes,Created By,Created,Last Modified By,Last Modified
A100 at Microsoft Project Osmium on 2021-01-01T00:00:00.000Z,Microsoft Project Osmium,2021-01-01,A100,25000.0,Estimate,Estimate,Microsoft #confident,OpenAI #speculative,"[Semianalysis](https://newsletter.semianalysis.com/p/microsofts-ai-strategy-deconstructed) believes ""~25k A100 chips"" are in Building 1, taking 2/5 data halls in the building. ",Epoch AI,2026-05-03T00:19:42.000Z,Epoch AI,2026-05-16 10:34:03+00:00
TPU v4 at Google Papillion on 2023-01-23T00:00:00.000Z,Google Papillion,2023-01-23,TPU v4,194429.0,Estimate,Estimate,Google Cloud #confident,Google #likely,"Building 1 (Q1 FY23 mix). Chip type and quantity derived from Timeline power, TPU_Production shares, and Parameters TDP.",Epoch AI,2026-05-18T17:05:24.000Z,Epoch AI,2026-05-18 18:44:20+00:00
TPU v5e at Google Papillion on 2023-01-23T00:00:00.000Z,Google Papillion,2023-01-23,TPU v5e,35553.0,Estimate,Estimate,Google Cloud #confident,Google #likely,"Building 1 (Q1 FY23 mix). Chip type and quantity derived from Timeline power, TPU_Production shares, and Parameters TDP.",Epoch AI,2026-05-18T18:44:20.000Z,Epoch AI,2026-05-18 18:44:20+00:00
A100 at Bridge Data Centres Kulai on 2023-03-01T00:00:00.000Z,Bridge Data Centres Kulai,2023-03-01,A100,47033.0,Estimate,Estimate,ByteDance #likely,ByteDance #likely,"Buildings 3+4. A100: 2023 alternatives fail supply (A800 57k, H800 96k world). Method all rows: chips = IT/(TDP x 1.7417) x 110/269.34 proportion; no source places chips at site.",Epoch AI,2026-07-13T07:49:28.000Z,Epoch AI,2026-07-16 19:31:52+00:00
H100 at Microsoft Goodyear on 2023-04-24T00:00:00.000Z,Microsoft Goodyear,2023-04-24,H100,29151.0,Estimate,Estimate,Microsoft #confident,Microsoft #confident,H100 assumed from operational date (Q2 2023). Count = IT capacity / H100 HGX server power × 8 chips per server.,Epoch AI,2026-04-02T19:44:28.000Z,Epoch AI,2026-05-16 10:29:36+00:00
H100 at Microsoft Project Osmium on 2023-06-30T00:00:00.000Z,Microsoft Project Osmium,2023-06-30,H100,32680.0,Estimate,Estimate,Microsoft #confident,OpenAI #speculative,Type estimated based on chip sales data. # of units estimated based on power for Building 2.,Epoch AI,2026-05-04T23:34:07.000Z,Epoch AI,2026-06-18 05:42:54+00:00
TPU v5e at Google Storey County on 2023-08-30T00:00:00.000Z,Google Storey County,2023-08-30,TPU v5e,205463.0,Estimate,Estimate,Google #confident,Google DeepMind #likely,"Building 1 expansion (Q4 FY23 mix: v5e only), assuming it was fully retrofitted with TPUv5e.",Epoch AI,2026-05-01T19:31:24.000Z,Epoch AI,2026-06-18 05:41:51+00:00
A100 at Bridge Data Centres Kulai on 2023-10-01T00:00:00.000Z,Bridge Data Centres Kulai,2023-10-01,A100,121811.0,Estimate,Estimate,ByteDance #likely,ByteDance #likely,Buildings 2+3+4 (+B2).,Epoch AI,2026-07-13T07:49:28.000Z,Epoch AI,2026-07-16 19:31:52+00:00
TPU v5e at Google Lancaster on 2024-01-01T00:00:00.000Z,Google Lancaster,2024-01-01,TPU v5e,157105.0,Estimate,Estimate,Google #confident,Google DeepMind #likely,"Building 1 (Q1 FY24 mix). Chip type and quantity derived from Timeline power, TPU_Production shares, and Parameters TDP.",Epoch AI,2026-06-05T22:29:33.000Z,Epoch AI,2026-06-05 22:29:33+00:00
TPU v5p at Google Lancaster on 2024-01-01T00:00:00.000Z,Google Lancaster,2024-01-01,TPU v5p,7273.0,Estimate,Estimate,Google #confident,Google DeepMind #likely,"Building 1 (Q1 FY24 mix). Chip type and quantity derived from Timeline power, TPU_Production shares, and Parameters TDP.",Epoch AI,2026-06-05T22:29:34.000Z,Epoch AI,2026-06-05 22:29:34+00:00
H100 at CoreWeave Chester VA on 2024-01-31T00:00:00.000Z,CoreWeave Chester VA,2024-01-31,H100,14800.0,Estimate,Estimate,CoreWeave #confident,,"Partial CTP-01 estimate using 18 MW of IT power. H100 is my best guess for this 2024 capacity, but I did not find a Chester-specific chip disclosure.",Epoch AI,2026-06-09T19:59:04.000Z,Epoch AI,2026-06-09 19:59:04+00:00
TPU v5e at Google Columbus on 2024-04-01T00:00:00.000Z,Google Columbus,2024-04-01,TPU v5e,99419.0,Estimate,Estimate,Google #confident,Google DeepMind #likely,"Building 1 (Q2 FY24 mix). Chip type and quantity derived from Timeline power, TPU_Production shares, and Parameters TDP.",Epoch AI,2026-05-07T01:39:10.000Z,Epoch AI,2026-05-16 10:31:50+00:00
TPU v5p at Google Columbus on 2024-04-01T00:00:00.000Z,Google Columbus,2024-04-01,TPU v5p,27617.0,Estimate,Estimate,Google #confident,Google DeepMind #likely,"Building 1 (Q2 FY24 mix). Chip type and quantity derived from Timeline power, TPU_Production shares, and Parameters TDP.",Epoch AI,2026-05-07T01:39:10.000Z,Epoch AI,2026-05-16 10:31:50+00:00
TPU v5e at Google Omaha on 2024-04-08T00:00:00.000Z,Google Omaha,2024-04-08,TPU v5e,120879.0,Estimate,Estimate,Google #confident,Google DeepMind #likely,"Building 1 (Q2 FY24 mix). Chip type and quantity derived from Timeline power, TPU_Production shares, and Parameters TDP.",Epoch AI,2026-03-12T20:26:30.000Z,Epoch AI,2026-05-16 10:30:41+00:00
TPU v5p at Google Omaha on 2024-04-08T00:00:00.000Z,Google Omaha,2024-04-08,TPU v5p,33578.0,Estimate,Estimate,Google #confident,Google DeepMind #likely,"Building 1 (Q2 FY24 mix). Chip type and quantity derived from Timeline power, TPU_Production shares, and Parameters TDP.",Epoch AI,2026-03-12T20:26:31.000Z,Epoch AI,2026-05-16 10:30:42+00:00
TPU v5e at Google New Albany on 2024-04-20T00:00:00.000Z,Google New Albany,2024-04-20,TPU v5e,103956.0,Estimate,Estimate,Google #confident,Google DeepMind #likely,"Building 1 (Q2 FY24 production mix). Chip type and quantity derived from Timeline power, TPU_Production shares, and per-chip TDP from Parameters.",Epoch AI,2026-03-02T22:35:34.000Z,Epoch AI,2026-05-16 10:29:31+00:00
TPU v5p at Google New Albany on 2024-04-20T00:00:00.000Z,Google New Albany,2024-04-20,TPU v5p,28877.0,Estimate,Estimate,Google #confident,Google DeepMind #likely,"Building 1 (Q2 FY24 production mix). Chip type and quantity derived from Timeline power, TPU_Production shares, and per-chip TDP from Parameters.",Epoch AI,2026-03-12T20:14:29.000Z,Epoch AI,2026-05-16 10:29:31+00:00
TPU v5e at Google Bristow on 2024-04-29T00:00:00.000Z,Google Bristow,2024-04-29,TPU v5e,151955.0,Estimate,Estimate,Google #confident,Google DeepMind #likely,"Building 1 (Q2 FY24 mix). Chip type and quantity derived from Timeline power, TPU_Production shares, and Parameters TDP.",Epoch AI,2026-07-08T21:26:13.000Z,Epoch AI,2026-07-08 22:22:16+00:00
TPU v5p at Google Bristow on 2024-04-29T00:00:00.000Z,Google Bristow,2024-04-29,TPU v5p,42209.0,Estimate,Estimate,Google #confident,Google DeepMind #likely,,Epoch AI,2026-07-08T21:26:14.000Z,Epoch AI,2026-07-08 22:22:16+00:00
H100 at CoreWeave Chester VA on 2024-04-30T00:00:00.000Z,CoreWeave Chester VA,2024-04-30,H100,22100.0,Estimate,Estimate,CoreWeave #confident,,Full CTP-01 estimate using the reported 27 MW critical capacity. Chip type and quantity are estimated from the power model.,Epoch AI,2026-06-09T19:59:04.000Z,Epoch AI,2026-06-09 19:59:04+00:00
H100 at Microsoft SAT40 on 2024-05-24T00:00:00.000Z,Microsoft SAT40,2024-05-24,H100,32407.0,Estimate,Estimate,Microsoft #confident,,Type estimated based on chip sales data. # of units estimated based on power for Building 1.,Epoch AI,2026-05-18T17:53:20.000Z,Epoch AI,2026-05-19 15:12:24+00:00
H100 at Microsoft SAT14 on 2024-07-01T00:00:00.000Z,Microsoft SAT14,2024-07-01,H100,12963.0,Estimate,Estimate,Microsoft #confident,,Type estimated based on chip sales data. # of units estimated based on power for completed portions of Building 1.,Epoch AI,2026-05-18T17:04:13.000Z,Epoch AI,2026-05-19 15:12:19+00:00
TPU v5p at Google Pryor (North) on 2024-07-19T00:00:00.000Z,Google Pryor (North),2024-07-19,TPU v5p,27959.0,Estimate,Estimate,Google #confident,Google DeepMind #likely,"First operational capacity (Q3 FY24 mix). Chip type and quantity derived from Timeline power, TPU_Production shares, and Parameters TDP.",Epoch AI,2026-03-12T20:25:20.000Z,Epoch AI,2026-06-12 15:53:38+00:00
TPU v5e at Google Pryor (North) on 2024-07-19T00:00:00.000Z,Google Pryor (North),2024-07-19,TPU v5e,67102.0,Estimate,Estimate,Google #confident,Google DeepMind #likely,"First operational capacity (Q3 FY24 mix). Chip type and quantity derived from Timeline power, TPU_Production shares, and Parameters TDP.",Epoch AI,2026-03-12T20:25:20.000Z,Epoch AI,2026-06-12 15:53:37+00:00
TPU v6e at Google Papillion on 2024-08-03T00:00:00.000Z,Google Papillion,2024-08-03,TPU v6e,28629.0,Estimate,Estimate,Google Cloud #confident,Google #likely,"Buildings 2-3 (Q4 FY24 mix). Chip type and quantity derived from Timeline power, TPU_Production shares, and Parameters TDP.",Epoch AI,2026-05-14T20:38:40.000Z,Epoch AI,2026-05-18 18:44:21+00:00
TPU v5e at Google Papillion on 2024-08-03T00:00:00.000Z,Google Papillion,2024-08-03,TPU v5e,177290.0,Estimate,Estimate,Google Cloud #confident,Google #likely,"Cumulative through Buildings 2-3 (Q4 FY24 mix for new capacity). Chip type and quantity derived from Timeline power, TPU_Production shares, and Parameters TDP.",Epoch AI,2026-05-14T20:38:40.000Z,Epoch AI,2026-05-18 18:44:20+00:00
TPU v5p at Google Papillion on 2024-08-03T00:00:00.000Z,Google Papillion,2024-08-03,TPU v5p,73871.0,Estimate,Estimate,Google Cloud #confident,Google #likely,"Buildings 2-3 (Q4 FY24 mix). Chip type and quantity derived from Timeline power, TPU_Production shares, and Parameters TDP.",Epoch AI,2026-05-14T20:38:40.000Z,Epoch AI,2026-05-18 18:44:20+00:00
TPU v6e at Google New Albany on 2024-09-13T00:00:00.000Z,Google New Albany,2024-09-13,TPU v6e,14362.0,Estimate,Estimate,Google #confident,Google DeepMind #likely,"First deployed in Building 2 (Q4 FY24 mix). Chip type and quantity derived from Timeline power, TPU_Production shares, and per-chip TDP from Parameters.",Epoch AI,2026-03-02T22:35:34.000Z,Epoch AI,2026-05-16 10:29:32+00:00
TPU v5p at Google New Albany on 2024-09-13T00:00:00.000Z,Google New Albany,2024-09-13,TPU v5p,65935.0,Estimate,Estimate,Google #confident,Google DeepMind #likely,"Cumulative through Building 2 (Q4 FY24 mix for new capacity). Chip type and quantity derived from Timeline power, TPU_Production shares, and per-chip TDP from Parameters.",Epoch AI,2026-03-12T20:14:29.000Z,Epoch AI,2026-05-16 10:29:31+00:00
TPU v5e at Google New Albany on 2024-09-13T00:00:00.000Z,Google New Albany,2024-09-13,TPU v5e,192897.0,Estimate,Estimate,Google #confident,Google DeepMind #likely,"Cumulative through Building 2 (Q4 FY24 mix for new capacity). Chip type and quantity derived from Timeline power, TPU_Production shares, and per-chip TDP from Parameters.",Epoch AI,2026-03-12T20:14:29.000Z,Epoch AI,2026-05-16 10:29:31+00:00
H100 at STACK Infrastructure NVA02 on 2024-10-01T00:00:00.000Z,STACK Infrastructure NVA02,2024-10-01,H100,60911.0,Estimate,Estimate,,,H100 assumed from 62% market share in Q2 2024 and 8 chips per server (HGX form factor). Count = IT capacity (from air-cooled chiller fan count model) / server power × 8 chips per server.,Epoch AI,2026-04-08T22:16:42.000Z,Epoch AI,2026-04-08 22:16:42+00:00
A100 at Bridge Data Centres Kulai on 2024-11-05T00:00:00.000Z,Bridge Data Centres Kulai,2024-11-05,A100,157895.0,Estimate,Estimate,ByteDance #likely,ByteDance #likely,Buildings 1+2+3+4 - campus 1 complete. A100 through 2024 (user); ~16% of world A100 supply.,Epoch AI,2026-07-16T16:33:55.000Z,Epoch AI,2026-07-16 19:31:53+00:00
H100 at Meta-QTS Hillsboro 2 on 2024-11-08T00:00:00.000Z,Meta-QTS Hillsboro 2,2024-11-08,H100,123839.0,Estimate,Estimate,Meta #likely,Meta #likely,H100 DGX assumed from installation of all cooling by end of 2023.  Count = Total IT power / IT overhead / server power x 8,Epoch AI,2026-07-16T21:24:35.000Z,Epoch AI,2026-07-16 21:24:35+00:00
TPU v5e at Google Council Bluffs (East) on 2024-11-19T00:00:00.000Z,Google Council Bluffs (East),2024-11-19,TPU v5e,60472.0,Estimate,Estimate,Google #confident,Google DeepMind #likely,"First operational capacity (Q1 FY25 mix). Chip type and quantity derived from Timeline power, TPU_Production shares, and Parameters TDP.",Epoch AI,2026-03-12T20:26:30.000Z,Epoch AI,2026-05-16 10:31:49+00:00
TPU v6e at Google Council Bluffs (East) on 2024-11-19T00:00:00.000Z,Google Council Bluffs (East),2024-11-19,TPU v6e,47741.0,Estimate,Estimate,Google #confident,Google DeepMind #likely,"First operational capacity (Q1 FY25 mix). Chip type and quantity derived from Timeline power, TPU_Production shares, and Parameters TDP.",Epoch AI,2026-03-12T20:26:30.000Z,Epoch AI,2026-05-16 10:31:49+00:00
TPU v5p at Google Council Bluffs (East) on 2024-11-19T00:00:00.000Z,Google Council Bluffs (East),2024-11-19,TPU v5p,25197.0,Estimate,Estimate,Google #confident,Google DeepMind #likely,"First operational capacity (Q1 FY25 mix). Chip type and quantity derived from Timeline power, TPU_Production shares, and Parameters TDP.",Epoch AI,2026-03-12T20:26:31.000Z,Epoch AI,2026-05-16 10:31:50+00:00
TPU v5e at Google Omaha on 2024-11-19T00:00:00.000Z,Google Omaha,2024-11-19,TPU v5e,181319.0,Estimate,Estimate,Google #confident,Google DeepMind #likely,"Cumulative through Building 2 (Q1 FY25 mix for new capacity). Chip type and quantity derived from Timeline power, TPU_Production shares, and Parameters TDP.",Epoch AI,2026-03-12T20:26:31.000Z,Epoch AI,2026-05-16 10:30:42+00:00
TPU v5p at Google Omaha on 2024-11-19T00:00:00.000Z,Google Omaha,2024-11-19,TPU v5p,58761.0,Estimate,Estimate,Google #confident,Google DeepMind #likely,"Cumulative through Building 2 (Q1 FY25 mix for new capacity). Chip type and quantity derived from Timeline power, TPU_Production shares, and Parameters TDP.",Epoch AI,2026-03-12T20:26:32.000Z,Epoch AI,2026-05-16 10:30:44+00:00
TPU v6e at Google Omaha on 2024-11-19T00:00:00.000Z,Google Omaha,2024-11-19,TPU v6e,47716.0,Estimate,Estimate,Google #confident,Google DeepMind #likely,"Building 2 (Q1 FY25 mix). Chip type and quantity derived from Timeline power, TPU_Production shares, and Parameters TDP.",Epoch AI,2026-03-12T20:26:32.000Z,Epoch AI,2026-05-16 10:30:43+00:00
Trainium2 at AWS New Albany on 2024-12-01T00:00:00.000Z,AWS New Albany,2024-12-01,Trainium2,295326.0,Estimate,Estimate,Amazon #confident,AWS #confident,Buildings 5-9 are modeled as Trainium2 because they were operational before Q2 2025. No New Albany-specific chip disclosure was found.,Epoch AI,2026-07-14T17:16:27.000Z,Epoch AI,2026-07-14 17:16:27+00:00
H100 at DayOne Nusajaya on 2024-12-31T00:00:00.000Z,DayOne Nusajaya,2024-12-31,H100,34400.0,Estimate,Estimate,"ByteDance #likely, Oracle #likely",,"H100: https://english.cw.com.tw/article/article.action?id=4385. ByteDance likely: https://asiatimes.com/2026/03/nvidia-chip-curbs-turn-singapore-into-ai-hub-for-china/, https://english.cw.com.tw/article/article.action?id=4385. Oracle likely: https://newsletter.semianalysis.com/p/how-oracle-is-winning-the-ai-compute-market",Epoch AI,2026-05-08T22:23:31.000Z,Epoch AI,2026-05-16 10:30:42+00:00
H100 at Bridge Data Centres Kulai on 2025-01-01T00:00:00.000Z,Bridge Data Centres Kulai,2025-01-01,H100,155318.0,Estimate,Estimate,ByteDance #likely,ByteDance #likely,Buildings 6+7+9. H100: WSJ Aolani H100-leasing era.,Epoch AI,2026-07-13T07:49:29.000Z,Epoch AI,2026-07-16 19:31:53+00:00
H100 at xAI QTS Atlanta on 2025-01-08T00:00:00.000Z,xAI QTS Atlanta,2025-01-08,H100,11000.0,Company disclosure,Company disclosure,xAI #confident,,,Epoch AI,2026-07-15T16:13:39.000Z,Epoch AI,2026-07-15 16:13:39+00:00
A100 at xAI QTS Atlanta on 2025-01-08T00:00:00.000Z,xAI QTS Atlanta,2025-01-08,A100,1448.0,Company disclosure,Estimate,xAI #confident,,,Epoch AI,2026-07-15T16:13:39.000Z,Epoch AI,2026-07-15 16:13:39+00:00
H100 at Microsoft Goodyear on 2025-01-16T00:00:00.000Z,Microsoft Goodyear,2025-01-16,H100,58302.0,Estimate,Estimate,Microsoft #confident,Microsoft #confident,"Building 2 also H100. Count = cumulative H100s across Buildings 1 and 2, each derived from IT capacity / server power × 8.",Epoch AI,2026-04-02T19:44:28.000Z,Epoch AI,2026-05-16 10:29:36+00:00
H100 at Bridge Data Centres Kulai on 2025-02-09T00:00:00.000Z,Bridge Data Centres Kulai,2025-02-09,H100,178883.0,Estimate,Estimate,ByteDance #likely,ByteDance #likely,Buildings 5+6+7+9 (+B5).,Epoch AI,2026-07-13T07:49:29.000Z,Epoch AI,2026-07-16 19:31:53+00:00
B200 at Microsoft Project Osmium on 2025-03-01T00:00:00.000Z,Microsoft Project Osmium,2025-03-01,B200,45455.0,Estimate,Estimate,Microsoft #confident,OpenAI #speculative,Type estimated based on chip sales data. # of units estimated based  on power for Building 3-4,Epoch AI,2026-05-03T00:19:43.000Z,Epoch AI,2026-06-18 05:42:55+00:00
TPU v6e at Google Columbus on 2025-03-01T00:00:00.000Z,Google Columbus,2025-03-01,TPU v6e,78489.0,Estimate,Estimate,Google #confident,Google DeepMind #likely,"Building 2 (Q2 FY25 mix). Chip type and quantity derived from Timeline power, TPU_Production shares, and Parameters TDP.",Epoch AI,2026-05-07T01:39:11.000Z,Epoch AI,2026-05-16 10:31:50+00:00
TPU v5p at Google Columbus on 2025-03-01T00:00:00.000Z,Google Columbus,2025-03-01,TPU v5p,41425.0,Estimate,Estimate,Google #confident,Google DeepMind #likely,"Cumulative through Building 2 (Q2 FY25 mix for new capacity). Chip type and quantity derived from Timeline power, TPU_Production shares, and Parameters TDP.",Epoch AI,2026-05-07T01:39:11.000Z,Epoch AI,2026-05-16 10:31:51+00:00
TPU v6e at Google The Dalles on 2025-03-07T00:00:00.000Z,Google The Dalles,2025-03-07,TPU v6e,93248.0,Estimate,Estimate,,,"Building 1 (Q2 FY25 production mix). Chip type and quantity derived from Timeline power, TPU production, and per-chip TDP.",Epoch AI,2026-05-19T01:41:17.000Z,Epoch AI,2026-05-19 01:41:17+00:00
TPU v5p at Google The Dalles on 2025-03-07T00:00:00.000Z,Google The Dalles,2025-03-07,TPU v5p,16405.0,Estimate,Estimate,,,"Building 1 (Q2 FY25 production mix). Chip type and quantity derived from Timeline power, TPU production, and per-chip TDP.",Epoch AI,2026-05-19T01:41:18.000Z,Epoch AI,2026-05-19 01:41:18+00:00
B200 at Meta Rosemount on 2025-04-29T00:00:00.000Z,Meta Rosemount,2025-04-29,B200,85364.0,Estimate,Estimate,Meta #confident,Meta #confident,GB200 NVL72 assumed from commissioning timeline and Chip Owners estimates: https://epoch.ai/data/ai-chip-owners. Count = Total IT power / IT overhead / server power x 72.,Epoch AI,2026-06-25T21:34:28.000Z,Epoch AI,2026-06-25 21:34:28+00:00
TPU v5e at Google Bristow on 2025-04-29T00:00:00.000Z,Google Bristow,2025-04-29,TPU v5e,151955.0,Estimate,Estimate,Google #confident,Google DeepMind #likely,,Epoch AI,2026-07-08T22:22:17.000Z,Epoch AI,2026-07-08 22:22:17+00:00
TPU v6e at Google Bristow on 2025-04-29T00:00:00.000Z,Google Bristow,2025-04-29,TPU v6e,119965.0,Estimate,Estimate,Google #confident,Google DeepMind #likely,"Building 2 (Q2 FY25 mix). In addition to Building 1. Chip type and quantity derived from Timeline power, TPU_Production shares, and Parameters TDP.",Epoch AI,2026-07-08T22:22:17.000Z,Epoch AI,2026-07-08 22:22:17+00:00
TPU v5p at Google Bristow on 2025-04-29T00:00:00.000Z,Google Bristow,2025-04-29,TPU v5p,63313.0,Estimate,Estimate,Google #confident,Google DeepMind #likely,,Epoch AI,2026-07-08T22:22:17.000Z,Epoch AI,2026-07-08 22:22:17+00:00
B200 at Oracle Batam on 2025-05-15T00:00:00.000Z,Oracle Batam,2025-05-15,B200,15999.0,Estimate,Estimate,Oracle #likely,,"Estimated from power capacity. DayOne partners with NVIDIA, and these are the best wide-sold chips available at the time. In a [LinkedIn post](https://www.linkedin.com/posts/digitaltransformation-datacenter-ugcPost-7264614420276744194-aQSa/) DayOne said it ""signed a contract with a leading global tech company in Q3 [2024] for 34 MW committed and 38 MW reserved capacity at our Batam campus."" A partnership with Oracle specifically was later [reported](https://www.datacenterdynamics.com/en/news/oracle-establishes-cloud-presence-in-indonesia/), and 34 MW corresponds to the first two data center buildings.",Epoch AI,2026-05-06T14:56:02.000Z,Epoch AI,2026-05-16 10:28:24+00:00
TPU v6e at Google New Albany on 2025-06-01T00:00:00.000Z,Google New Albany,2025-06-01,TPU v6e,134049.0,Estimate,Estimate,Google #confident,Google DeepMind #likely,"Cumulative through Building 3 (Q3 FY25 mix for new capacity). Chip type and quantity derived from Timeline power, TPU_Production shares, and per-chip TDP from Parameters.",Epoch AI,2026-03-02T22:35:34.000Z,Epoch AI,2026-05-16 10:29:32+00:00
Ascend 910C at Huawei Horinger on 2025-06-01T00:00:00.000Z,Huawei Horinger,2025-06-01,Ascend 910C,34776.0,Estimate,Esimate,Huawei #confident,,,Epoch AI,2026-07-01T21:34:52.000Z,Epoch AI,2026-07-08 15:48:17+00:00
TPU v6e at Google Council Bluffs (East) on 2025-06-15T00:00:00.000Z,Google Council Bluffs (East),2025-06-15,TPU v6e,167093.0,Estimate,Estimate,Google #confident,Google DeepMind #likely,"Cumulative (Q3 FY25 mix for new capacity). Chip type and quantity derived from Timeline power, TPU_Production shares, and Parameters TDP.",Epoch AI,2026-03-12T20:26:31.000Z,Epoch AI,2026-05-16 10:31:50+00:00
Trainium2 at Anthropic-Amazon New Carlisle on 2025-06-23T00:00:00.000Z,Anthropic-Amazon New Carlisle,2025-06-23,Trainium2,457200.0,Company disclosure,Company disclosure,Amazon #confident,Anthropic #confident,"Project Rainier [announced](https://www.aboutamazon.com/news/aws/aws-project-rainier-ai-trainium-chips-compute-cluster) with Trainium2. In an [interview](https://www.youtube.com/watch?v=jwgW_gHI1Vs&t=220s), AWS CEO says ""they're already running...about 500,000 [Trainium2] chips in Indiana today"". Count = 7 × chips per building, where chips per building = generator-based power / (PUE × IT overhead × chip TDP).",Epoch AI,2026-04-02T19:44:25.000Z,Epoch AI,2026-07-15 16:43:37+00:00
Trainium2 at Amazon Madison Mega Site on 2025-06-23T00:00:00.000Z,Amazon Madison Mega Site,2025-06-23,Trainium2,326555.0,Estimate,Estimate,Amazon #confident,Amazon #confident,"Chip type assumed from Project Rainier announcement (Trainium2). 5 buildings operational. Count = buildings × chips per building, where chips per building = building power / (PUE × IT overhead factor × chip TDP).",Epoch AI,2026-04-02T19:44:30.000Z,Epoch AI,2026-07-15 19:17:28+00:00
TPU v6e at Google Storey County on 2025-06-30T00:00:00.000Z,Google Storey County,2025-06-30,TPU v6e,121656.0,Estimate,Estimate,Google #confident,Google DeepMind #likely,Building 2 (Q3 FY25 mix: v6e only). Delta from Building 1 IT power.,Epoch AI,2026-05-01T19:31:24.000Z,Epoch AI,2026-06-18 05:41:51+00:00
Ascend 910C at VNET Bayin Ulanqab on 2025-07-01T00:00:00.000Z,VNET Bayin Ulanqab,2025-07-01,Ascend 910C,27568.0,Estimate,Estimate,VNET #confident,ByteDance #speculative,"Ascend 910C is assumed based on it being the best and most-produced domestic chip at the time. Speculative to likely on User, given general partnership between VNET and ByteDance.",Epoch AI,2026-05-14T15:52:51.000Z,Aidan H,2026-07-10 23:17:31+00:00
TPU v6e at Google Mesa on 2025-07-01T00:00:00.000Z,Google Mesa,2025-07-01,TPU v6e,135846.0,Estimate,Estimate,Google #confident,Google DeepMind #likely,"Building 1 (Q3 FY25 mix). Chip type and quantity derived from Timeline power, TPU_Production shares, and Parameters TDP.",Epoch AI,2026-05-29T15:09:39.000Z,Epoch AI,2026-05-29 15:09:39+00:00
Ascend 910C at Huawei Horinger on 2025-07-01T00:00:00.000Z,Huawei Horinger,2025-07-01,Ascend 910C,69552.0,Estimate,Estimate,Huawei #confident,,,Epoch AI,2026-07-01T21:34:52.000Z,Epoch AI,2026-07-08 15:48:17+00:00
H100 at Colossus 1 on 2025-07-22T00:00:00.000Z,Colossus 1,2025-07-22,H100,150000.0,Company disclosure,Company disclosure,SpaceXAI #confident,SpaceXAI #confident,"This is roughly when Musk [said](https://archive.is/z39uN), plus on this date they [reported](https://x.ai/colossus) ""running jobs with 150K+ GPUs"".",Ben Cottier,2025-10-02T13:36:30.000Z,Epoch AI,2026-05-16 10:30:41+00:00
H200 at Colossus 1 on 2025-07-22T00:00:00.000Z,Colossus 1,2025-07-22,H200,50000.0,Company disclosure,Company disclosure,SpaceXAI #confident,SpaceXAI #confident,"This is roughly when Musk [said](https://archive.is/z39uN), plus on this date they [reported](https://x.ai/colossus) ""running jobs with 150K+ GPUs"".",Ben Cottier,2026-03-02T15:11:08.000Z,Epoch AI,2026-05-16 10:30:41+00:00
B200 at Colossus 1 on 2025-07-22T00:00:00.000Z,Colossus 1,2025-07-22,B200,30000.0,Company disclosure,Company disclosure,SpaceXAI #confident,SpaceXAI #confident,[30k B200s added](https://archive.is/oHQSA) (in GB200 configuration).,Ben Cottier,2026-03-02T15:12:00.000Z,Epoch AI,2026-05-16 10:30:41+00:00
B200 at CoreWeave Norway on 2025-07-27T00:00:00.000Z,CoreWeave Norway,2025-07-27,B200,30240.0,Company disclosure,Estimate,CoreWeave #confident,,"CoreWeave and Bulk disclosed a GB200 NVL72 deployment at N01, expected operational by summer 2025. The unit count is estimated using the 42 MW DCM102 facility, Bulk's 50-100 kW/rack density disclosure, and NVIDIA's 72 Blackwell GPUs per GB200 NVL72 rack.",Epoch AI,2026-07-07T20:47:15.000Z,Epoch AI,2026-07-07 20:47:15+00:00
TPU v6e at Google Red Oak on 2025-08-25T00:00:00.000Z,Google Red Oak,2025-08-25,TPU v6e,87420.0,Estimate,Estimate,,,"Building 1 (Q4 FY25 production mix). Chip type and quantity derived from Timeline power, TPU production shares, and per-chip TDP.",Epoch AI,2026-05-19T03:13:01.000Z,Epoch AI,2026-05-19 03:13:01+00:00
TPU v7 at Google Red Oak on 2025-08-25T00:00:00.000Z,Google Red Oak,2025-08-25,TPU v7,11535.0,Estimate,Estimate,,,"Building 1 (Q4 FY25 production mix). Chip type and quantity derived from Timeline power, TPU production shares, and per-chip TDP.",Epoch AI,2026-05-19T03:13:02.000Z,Epoch AI,2026-05-19 03:13:02+00:00
B200 at Microsoft Goodyear on 2025-09-01T00:00:00.000Z,Microsoft Goodyear,2025-09-01,B200,58121.0,Estimate,Estimate,Microsoft #confident,Microsoft #confident,"GB200 NVL72 assumed from operational date (Q3 2025) and insufficient cooling for B200 power density. Count = 2 buildings × chips per building, from chiller-based IT capacity / server power × 72.",Epoch AI,2026-04-02T19:44:29.000Z,Epoch AI,2026-05-16 10:29:36+00:00
TPU v6e at Google Waltham Cross on 2025-09-01T00:00:00.000Z,Google Waltham Cross,2025-09-01,TPU v6e,100038.0,Estimate,Estimate,Google #confident,Google DeepMind #likely,"Full buildout (2025-09-01, 88.3 MW IT power). Operational status confirmed via Sentinel-2 imagery (building complete, cars in car park) and Google's official blog post announcing the site. Q4 FY25 mix (TPU v6e 75%, TPU v7 25%) per TPU_Production — a real, non-extrapolated quarter. Chip type and quantity derived from Timeline power, TPU_Production shares, and Parameters TDP. Reconfirmed via high-resolution imagery in April 2026 with no additional capacity added.",Epoch AI,2026-07-03T14:03:39.000Z,Epoch AI,2026-07-06 12:53:46+00:00
TPU v7 at Google Waltham Cross on 2025-09-01T00:00:00.000Z,Google Waltham Cross,2025-09-01,TPU v7,13200.0,Estimate,Estimate,Google #confident,Google DeepMind #likely,"Full buildout (2025-09-01, 88.3 MW IT power). Operational status confirmed via Sentinel-2 imagery (building complete, cars in car park) and Google's official blog post announcing the site. Q4 FY25 mix (TPU v6e 75%, TPU v7 25%) per TPU_Production — a real, non-extrapolated quarter. Chip type and quantity derived from Timeline power, TPU_Production shares, and Parameters TDP. Reconfirmed via high-resolution imagery in April 2026 with no additional capacity added.",Epoch AI,2026-07-03T14:03:39.000Z,Epoch AI,2026-07-06 12:53:46+00:00
Trainium2 at AWS Berwick on 2025-09-09T00:00:00.000Z,AWS Berwick,2025-09-09,Trainium2,29324.0,Estimate,Estimate,Amazon #confident,,No Berwick-specific chip disclosure found. Building 1 quantity is estimated from modeled IT power using the same Trainium2 chips-per-IT-MW assumption as AWS New Albany.,Epoch AI,2026-06-30T19:32:49.000Z,Epoch AI,2026-07-17 20:22:10+00:00
H20 at Alibaba Zhangbei on 2025-09-17T00:00:00.000Z,Alibaba Zhangbei,2025-09-17,H20,106606.0,Estimate,Estimate,Alibaba #confident,,"Assume Nvidia H20 because it had the biggest volume of any AI chip available in China by unit count, Alibaba is unlikely to use Huawei chips, and H20s are available on Alibaba cloud (https://web.archive.org/web/20250923164329/https://www.alibabacloud.com/help/en/ecs/user-guide/gpu-accelerated-compute-optimized-and-vgpu-accelerated-instance-families-1). Assume the same chip-to-IT power multiplier as the DGX H100. SemiAnalysis estimated 11112W per H100 DGX including networking (https://newsletter.semianalysis.com/p/ai-datacenter-energy-dilemma-race), compared to 700W per chip, with 8 chips per DGX.",Epoch AI,2026-07-14T21:50:40.000Z,Epoch AI,2026-07-14 21:50:40+00:00
B200 at Bridge Data Centres Kulai on 2025-09-23T00:00:00.000Z,Bridge Data Centres Kulai,2025-09-23,B200,30929.0,Estimate,Estimate,ByteDance #likely,ByteDance #likely,Building 8. B200: supply-feasible (1.5M sold by Q3 2025).,Epoch AI,2026-07-16T16:33:56.000Z,Epoch AI,2026-07-16 19:31:54+00:00
B200 at OpenAI Stargate Abilene on 2025-09-26T00:00:00.000Z,OpenAI Stargate Abilene,2025-09-26,B200,100800.0,Company disclosure,Company disclosure,Oracle #confident,OpenAI #confident,"[Crusoe Impact Report 2024, p.19](https://cdn.prod.website-files.com/6855c1aa175582ee23e0aa19/68710273a71bb7c11049ba28_Crusoe_Impact_Report_2024.pdf#page=19)",Epoch AI,2026-03-03T20:35:37.000Z,Epoch AI,2026-05-16 10:28:24+00:00
B200 at Fluidstack Lake Mariner on 2025-10-01T00:00:00.000Z,Fluidstack Lake Mariner,2025-10-01,B200,7852.0,Estimate,Estimate,Core42 #confident,G42 #likely,"Chip type could be H200, but given the timing and use of liquid cooling, probably B200. [TeraWulf press release](https://investors.terawulf.com/news-events/press-releases/detail/99/terawulf-to-deliver-over-70-mw-of-data-center)",Epoch AI,2026-03-05T20:57:19.000Z,Epoch AI,2026-06-18 05:41:51+00:00
TPU v6e at Google Columbus on 2025-10-01T00:00:00.000Z,Google Columbus,2025-10-01,TPU v6e,176600.0,Estimate,Estimate,Google #confident,Google DeepMind #likely,"Cumulative through Building 3 (Q4 FY25 mix for new capacity). Chip type and quantity derived from Timeline power, TPU_Production shares, and Parameters TDP.",Epoch AI,2026-05-07T01:39:12.000Z,Epoch AI,2026-05-16 10:31:51+00:00
TPU v7 at Google Columbus on 2025-10-01T00:00:00.000Z,Google Columbus,2025-10-01,TPU v7,12945.0,Estimate,Estimate,Google #confident,Google DeepMind #likely,"Building 3 (Q4 FY25 mix). Chip type and quantity derived from Timeline power, TPU_Production shares, and Parameters TDP.",Epoch AI,2026-05-07T01:39:12.000Z,Epoch AI,2026-05-16 10:31:51+00:00
TPU v6e at Google New Albany on 2025-10-14T00:00:00.000Z,Google New Albany,2025-10-14,TPU v6e,262285.0,Estimate,Estimate,Google #confident,Google DeepMind #likely,"Cumulative through Building 4 (Q4 FY25 mix for new capacity). Chip type and quantity derived from Timeline power, TPU_Production shares, and per-chip TDP from Parameters.",Epoch AI,2026-03-02T22:35:34.000Z,Epoch AI,2026-05-16 10:29:32+00:00
TPU v7 at Google New Albany on 2025-10-14T00:00:00.000Z,Google New Albany,2025-10-14,TPU v7,16920.0,Estimate,Estimate,Google #confident,Google DeepMind #likely,"First deployed in Building 4 (Q4 FY25 mix). Chip type and quantity derived from Timeline power, TPU_Production shares, and per-chip TDP from Parameters.",Epoch AI,2026-03-12T20:14:31.000Z,Epoch AI,2026-05-16 10:29:33+00:00
B200 at Microsoft Fairwater Atlanta on 2025-10-14T00:00:00.000Z,Microsoft Fairwater Atlanta,2025-10-14,B200,153563.0,Estimate,Estimate,Microsoft #confident,Microsoft #confident,GB200 NVL72 assumed from similarity to Microsoft Fairwater Wisconsin. Count = (Building 2/4 + Building 1 facility power) / PUE / IT overhead / server power × 72. Buildings 1-2 operational (paired Fairwater design).,Epoch AI,2026-04-02T19:44:27.000Z,Epoch AI,2026-05-16 10:30:37+00:00
B200 at Meta Prometheus on 2025-10-14T00:00:00.000Z,Meta Prometheus,2025-10-14,B200,36364.0,Estimate,Estimate,Meta #confident,Meta #confident,"Buildings 4-10 come online. B200 count = (total power at this date minus H-shaped buildings power) / (PUE × IT overhead × GB200 server power) × 72. Includes Meta, QTS, and Vantage buildings.",Epoch AI,2026-04-02T19:46:42.000Z,Epoch AI,2026-07-13 16:03:18+00:00
B200 at Colossus 2 on 2025-10-19T00:00:00.000Z,Colossus 2,2025-10-19,B200,110000.0,Company disclosure,Company disclosure,SpaceXAI #confident,SpaceXAI #confident,[xAI Memphis announcement](https://x.com/xAIMemphis/status/1947724711968051414),Epoch AI,2026-05-24T17:53:05.000Z,Epoch AI,2026-05-24 17:53:05+00:00
B200 at CoreWeave Ellendale ND on 2025-10-27T00:00:00.000Z,CoreWeave Ellendale ND,2025-10-27,B200,27300.0,Estimate,Estimate,CoreWeave #confident,,First operational chip-count row. Applied Digital announced the first 50 MW phase of PF1 Building 1 reached Ready for Service on this date. Chip count is estimated as 50 MW × 546 B200/MW.,Epoch AI,2026-05-27T18:14:03.000Z,Epoch AI,2026-07-01 20:02:57+00:00
TPU v7 at Google Lancaster on 2025-10-31T00:00:00.000Z,Google Lancaster,2025-10-31,TPU v7,10228.0,Estimate,Estimate,Google #confident,Google DeepMind #likely,"Building 2 (Q4 FY25 mix). Chip type and quantity derived from Timeline power, TPU_Production shares, and Parameters TDP.",Epoch AI,2026-05-29T17:12:42.000Z,Epoch AI,2026-05-29 17:12:42+00:00
TPU v6e at Google Lancaster on 2025-10-31T00:00:00.000Z,Google Lancaster,2025-10-31,TPU v6e,77519.0,Estimate,Estimate,Google #confident,Google DeepMind #likely,"Building 2 (Q4 FY25 mix). Chip type and quantity derived from Timeline power, TPU_Production shares, and Parameters TDP.",Epoch AI,2026-05-29T17:12:42.000Z,Epoch AI,2026-05-29 17:12:42+00:00
Trainium2 at AWS Berwick on 2025-10-31T00:00:00.000Z,AWS Berwick,2025-10-31,Trainium2,64362.0,Estimate,Estimate,Amazon #confident,,Building 2 is added to the operational estimate after September imagery showed it nearly complete and final generators being installed.,Epoch AI,2026-06-30T19:32:49.000Z,Epoch AI,2026-07-17 20:22:10+00:00
Ascend 910C at VNET Bayin Ulanqab on 2025-11-01T00:00:00.000Z,VNET Bayin Ulanqab,2025-11-01,Ascend 910C,124512.0,Estimate,Estimate,VNET #confident,ByteDance #speculative,"Ascend 910C is assumed based on it being the best and most-produced domestic chip at the time. Speculative to likely on User, given general partnership between VNET and ByteDance.",Epoch AI,2026-05-14T15:52:51.000Z,Aidan H,2026-07-10 23:17:31+00:00
B200 at CoreWeave Ellendale ND on 2025-11-24T00:00:00.000Z,CoreWeave Ellendale ND,2025-11-24,B200,36900.0,Estimate,Estimate,CoreWeave #confident,,"Building 1 reached full service on this date, but the chip count uses the sheet's cooling-based modeled Building 1 IT load of 67.7 MW instead of the officially disclosed 100 MW critical IT load.",Epoch AI,2026-05-27T18:14:04.000Z,Epoch AI,2026-07-08 21:24:48+00:00
Ascend 910C at VNET Bayin Ulanqab on 2025-12-01T00:00:00.000Z,VNET Bayin Ulanqab,2025-12-01,Ascend 910C,161296.0,Estimate,Estimate,VNET #confident,ByteDance #speculative,"Ascend 910C is assumed based on it being the best and most-produced domestic chip at the time. Speculative to likely on User, given general partnership between VNET and ByteDance.",Epoch AI,2026-05-14T15:52:52.000Z,Aidan H,2026-07-10 23:41:05+00:00
B300 at Microsoft SAT40 on 2025-12-01T00:00:00.000Z,Microsoft SAT40,2025-12-01,B300,12750.0,Estimate,Estimate,Microsoft #confident,,Type estimated based on chip sales data. # of units estimated based on power for Building 2.,Epoch AI,2026-05-18T17:53:20.000Z,Epoch AI,2026-05-19 15:12:24+00:00
B300 at Meta Eagle Mountain on 2025-12-07T00:00:00.000Z,Meta Eagle Mountain,2025-12-07,B300,59906.0,Estimate,Estimate,Meta #confident,Meta #confident,B300 NVL72 assumed from commissioning timeline and estimates from https://epoch.ai/data/ai-chip-owners. Count = Total IT power / IT overhead / server power x 72.,Epoch AI,2026-07-14T20:25:08.000Z,Epoch AI,2026-07-14 20:25:08+00:00
B300 at Meta Temple on 2025-12-09T00:00:00.000Z,Meta Temple,2025-12-09,B300,68571.0,Estimate,Estimate,Meta #confident,Meta #confident,"GB300 NVL72 assumed from commissioning timeline (Q3-Q4 2025, when GB300 shipments exceeded GB200). Count = (Building 1 + Building 2 IT capacity) / IT overhead / server power × 72.",Epoch AI,2026-04-02T19:45:38.000Z,Epoch AI,2026-05-16 10:32:56+00:00
Trainium2 at Anthropic-Amazon New Carlisle on 2025-12-23T00:00:00.000Z,Anthropic-Amazon New Carlisle,2025-12-23,Trainium2,718400.0,Company disclosure,Estimate,Amazon #confident,Anthropic #confident,11 buildings operational. Same per-building model as above.,Epoch AI,2026-04-02T19:44:26.000Z,Epoch AI,2026-07-15 16:43:37+00:00
B200 at CoreWeave Denton TX on 2025-12-31T00:00:00.000Z,CoreWeave Denton TX,2025-12-31,B200,16000.0,Estimate,Estimate,CoreWeave #confident,OpenAI #likely,"Data Center Dynamics, citing The Information/internal comms, says Denton had more than 16,000 GPUs by the end of Dec 2025. I'm assuming they're Grace Blackwell GPUS based on later information. Use as minimum. (Data Center Dynamics)",Epoch AI,2026-05-14T15:54:00.000Z,Epoch AI,2026-05-16 10:34:07+00:00
H20 at Alibaba Zhangbei on 2026-01-03T00:00:00.000Z,Alibaba Zhangbei,2026-01-03,H20,213211.0,Estimate,Estimate,Alibaba #confident,,"Assume Nvidia H20 because it had the biggest volume of any AI chip available in China by unit count, Alibaba is unlikely to use Huawei chips, and H20s are available on Alibaba cloud (https://web.archive.org/web/20250923164329/https://www.alibabacloud.com/help/en/ecs/user-guide/gpu-accelerated-compute-optimized-and-vgpu-accelerated-instance-families-1). Assume the same chip-to-IT power multiplier as the DGX H100. SemiAnalysis estimated 11112W per H100 DGX including networking (https://newsletter.semianalysis.com/p/ai-datacenter-energy-dilemma-race), compared to 700W per chip, with 8 chips per DGX.",Epoch AI,2026-07-14T21:50:40.000Z,Epoch AI,2026-07-14 21:50:40+00:00
B300 at DayOne Nusajaya on 2026-01-22T00:00:00.000Z,DayOne Nusajaya,2026-01-22,B300,97870.0,Estimate,Estimate,"ByteDance #likely, Oracle #likely",,"B300 based on the timing of total chip sales in the prior quarter (https://epoch.ai/data/ai-chip-sales), plus DayOne's partnership with NVIDIA (they mention using GB200 here: https://dayonedc.com/our-solutions). ByteDance likely: https://asiatimes.com/2026/03/nvidia-chip-curbs-turn-singapore-into-ai-hub-for-china/, https://english.cw.com.tw/article/article.action?id=4385. Oracle likely: https://newsletter.semianalysis.com/p/how-oracle-is-winning-the-ai-compute-market",Epoch AI,2026-05-08T22:23:32.000Z,Epoch AI,2026-05-16 10:30:43+00:00
Ascend 910C at Huawei Horinger on 2026-02-01T00:00:00.000Z,Huawei Horinger,2026-02-01,Ascend 910C,104704.0,Estimate,Estimate,Huawei #confident,,,Epoch AI,2026-07-09T20:37:15.000Z,Epoch AI,2026-07-09 20:37:15+00:00
B200 at Bridge Data Centres Kulai on 2026-02-01T00:00:00.000Z,Bridge Data Centres Kulai,2026-02-01,B200,51549.0,Estimate,Estimate,ByteDance #likely,ByteDance #likely,Buildings 8+10 - campus 2 complete.,Epoch AI,2026-07-13T07:49:30.000Z,Epoch AI,2026-07-16 19:31:54+00:00
B300 at Meta Huntsville on 2026-02-02T00:00:00.000Z,Meta Huntsville,2026-02-02,B300,35002.0,Estimate,Estimate,Meta #confident,Meta #confident,B300 NVL72 assumed from commissioning timeline and estimates from https://epoch.ai/data/ai-chip-owners. Count = Total IT power / IT overhead / server power x 72.,Epoch AI,2026-07-14T22:23:00.000Z,Epoch AI,2026-07-14 22:23:00+00:00
B200 at Vantage TX1 on 2026-02-15T00:00:00.000Z,Vantage TX1,2026-02-15,B200,15311.0,Estimate,Estimate,,,GB200 NVL72 assumed. Building 1 reported IT power of 32 MW (TDLR). Count = IT power / (IT overhead × server power) × 72.,Epoch AI,2026-04-02T19:46:49.000Z,Epoch AI,2026-04-02 19:46:49+00:00
B300 at CoreWeave Dalton 1 & 2 on 2026-02-20T00:00:00.000Z,CoreWeave Dalton 1 & 2,2026-02-20,B300,12750.0,Estimate,Estimate,CoreWeave #confident,,,Epoch AI,2026-06-30T18:40:16.000Z,Epoch AI,2026-06-30 18:40:16+00:00
B200 at Meta Prometheus on 2026-02-27T00:00:00.000Z,Meta Prometheus,2026-02-27,B200,195363.0,Estimate,Estimate,Meta #confident,Meta #confident,"Adds Building 16 (Vantage). Same model, updated total power.",Epoch AI,2026-04-02T19:46:42.000Z,Epoch AI,2026-07-13 16:03:18+00:00
B300 at Meta Los Lunas on 2026-03-01T00:00:00.000Z,Meta Los Lunas,2026-03-01,B300,39453.0,Estimate,Estimate,Meta #confident,Meta #confident,GB300 NVL72 assumed from commissioning timeline and estimates from https://epoch.ai/data/ai-chip-owners . Count = Total IT power / IT overhead / server power x 72.,Epoch AI,2026-06-16T19:18:15.000Z,Epoch AI,2026-06-16 21:07:59+00:00
B200 at CoreWeave Denton TX on 2026-03-02T00:00:00.000Z,CoreWeave Denton TX,2026-03-02,B200,50000.0,Company disclosure,Company disclosure,CoreWeave #confident,OpenAI #likely,"Core Scientific's Q4 2025 report said Denton was at roughly 130 billable MW and actively supporting more than 50,000 Grace Blackwell GPUs. Use as minimum. (MarketBeat)",Epoch AI,2026-05-14T15:54:00.000Z,Epoch AI,2026-05-16 10:34:07+00:00
B300 at Meta Jeffersonville on 2026-03-06T00:00:00.000Z,Meta Jeffersonville,2026-03-06,B300,80486.0,Estimate,Estimate,Meta #confident,Meta #confident,GB300 NVL72 assumed from commissioning timeline and estimates from https://epoch.ai/data/ai-chip-owners. Count = Total IT power / IT overhead / server power x 72.,Epoch AI,2026-05-26T23:31:19.000Z,Epoch AI,2026-06-04 21:40:13+00:00
Trainium2 at AWS New Albany on 2026-03-12T00:00:00.000Z,AWS New Albany,2026-03-12,Trainium2,397701.0,Estimate,Estimate,Amazon #confident,AWS #confident,Includes the original five-building Trainium2 baseline plus Trainium2 providing one-third of the newer operational cohort's modeled compute.,Epoch AI,2026-06-25T21:22:08.000Z,Epoch AI,2026-07-17 13:55:54+00:00
B200 at AWS New Albany on 2026-03-12T00:00:00.000Z,AWS New Albany,2026-03-12,B200,26597.0,Estimate,Estimate,Amazon #confident,AWS #confident,"Models one-third of post-Q2-2025 compute as B200. P6-B200 is available in US East (Ohio), but no New Albany-specific chip disclosure was found.",Epoch AI,2026-07-14T17:16:27.000Z,Epoch AI,2026-07-17 13:55:54+00:00
H200 at AWS New Albany on 2026-03-12T00:00:00.000Z,AWS New Albany,2026-03-12,H200,67199.0,Estimate,Estimate,Amazon #confident,AWS #confident,"Models one-third of post-Q2-2025 compute as H200. H200-backed P5e and P5en instances are available in US East (Ohio), but no New Albany-specific chip disclosure was found.",Epoch AI,2026-07-17T13:55:54.000Z,Epoch AI,2026-07-17 13:55:54+00:00
B200 at CoreWeave Marble NC on 2026-03-13T00:00:00.000Z,CoreWeave Marble NC,2026-03-13,B200,17200.0,Estimate,Estimate,CoreWeave #confident,,Core Scientific reported 37 MW operational and billing at Marble as of March 2026. Chip type and count are not disclosed for Marble. Estimate assumes GB200 NVL72 racks with 72 Blackwell GPUs per rack and 0.132 MW per rack. (Supplemental Core Scientific Information),Epoch AI,2026-05-08T21:06:19.000Z,Epoch AI,2026-06-05 00:45:56+00:00
Trainium2 at Anthropic-Amazon New Carlisle on 2026-03-23T00:00:00.000Z,Anthropic-Amazon New Carlisle,2026-03-23,Trainium2,1044980.0,Company disclosure,Estimate,Amazon #confident,Anthropic #confident,"16 buildings operational. Same model. In an [interview](https://www.youtube.com/watch?v=jwgW_gHI1Vs&t=220s), AWS CEO says ""we expect jointly we'll be running more than a million Trainium2 chips [in Indiana] by the end of [2025]"". We think this was delayed by a few months based on our satellite imagery.",Epoch AI,2026-04-02T19:44:26.000Z,Epoch AI,2026-07-15 16:43:38+00:00
B200 at Fluidstack Lake Mariner on 2026-03-31T00:00:00.000Z,Fluidstack Lake Mariner,2026-03-31,B200,28463.0,Estimate,Estimate,Core42 #confident,G42 #likely,"Chip type could be H200, but given the timing and use of liquid cooling, probably B200. [TeraWulf press release](https://investors.terawulf.com/news-events/press-releases/detail/99/terawulf-to-deliver-over-70-mw-of-data-center)",Epoch AI,2026-03-05T20:57:19.000Z,Epoch AI,2026-06-18 05:41:51+00:00
B300 at Start Campus Sines Data Campus on 2026-03-31T00:00:00.000Z,Start Campus Sines Data Campus,2026-03-31,B300,12600.0,Company disclosure,Company disclosure,Nscale #confident,Microsoft #confident,First deployment set to go live by Q1 2026 according to [announcement](https://lp.startcampus.pt/start-campus-hosts-eus-first-nvidia-gb300-chips-with-nscale-for-microsoft).,Epoch AI,2026-04-20T21:59:34.000Z,Epoch AI,2026-05-16 10:34:05+00:00
B300 at Microsoft SAT14 on 2026-03-31T00:00:00.000Z,Microsoft SAT14,2026-03-31,B300,12750.0,Estimate,Estimate,Microsoft #confident,,Type estimated based on chip sales data. # of units estimated based on power for Building 2 and the rest of Building 1 that was completed since initial operation.,Epoch AI,2026-05-18T17:04:14.000Z,Epoch AI,2026-05-19 15:12:19+00:00
B300 at Colossus 2 on 2026-04-06T00:00:00.000Z,Colossus 2,2026-04-06,B300,110000.0,Company disclosure,Company disclosure,SpaceXAI #confident,SpaceXAI #confident,"[Company S-1 filing, page 76](https://www.sec.gov/Archives/edgar/data/1181412/000162828026036936/spaceexplorationtechnologi.htm)",Epoch AI,2026-05-24T17:53:06.000Z,Epoch AI,2026-05-24 17:53:06+00:00
B200 at Microsoft Fairwater Wisconsin on 2026-04-16T00:00:00.000Z,Microsoft Fairwater Wisconsin,2026-04-16,B200,176391.0,Company disclosure,Estimate,Microsoft #confident,Microsoft #confident,"GB200 NVL72 confirmed by Microsoft ([blog post](https://blogs.microsoft.com/blog/2025/09/18/inside-the-worlds-most-powerful-ai-datacenter/)). Building 1. Count based on estimated IT power and FP8 performance model, using the standardized GB200 NVL72 server assumed values and B200 per-chip performance. This is consistent with Microsoft's statement that Fairwater uses ""hundreds of thousands of NVIDIA GB200s"" ([Satya Nadella](https://x.com/satyanadella/status/1968677244861379012)).",Epoch AI,2026-04-17T22:18:05.000Z,Epoch AI,2026-07-13 22:22:05+00:00
B300 at Oracle Batam on 2026-04-17T00:00:00.000Z,Oracle Batam,2026-04-17,B300,17397.0,Estimate,Estimate,Oracle #likely,,"Estimated from power capacity. DayOne partners with NVIDIA, and these are the best wide-sold chips available at the time. In a [LinkedIn post](https://www.linkedin.com/posts/digitaltransformation-datacenter-ugcPost-7264614420276744194-aQSa/) DayOne said it ""signed a contract with a leading global tech company in Q3 [2024] for 34 MW committed and 38 MW reserved capacity at our Batam campus."" A partnership with Oracle specifically was later [reported](https://www.datacenterdynamics.com/en/news/oracle-establishes-cloud-presence-in-indonesia/), and 38 MW corresponds to the third data center building. We assume Oracle has used their reservation by this point, but this is not confirmed.",Epoch AI,2026-05-06T14:56:02.000Z,Epoch AI,2026-05-16 10:28:25+00:00
TPU v5p at Google The Dalles on 2026-04-29T00:00:00.000Z,Google The Dalles,2026-04-29,TPU v5p,16404.0,Estimate,Estimate,,,"Building 1+2 cumulative v5p: all from Building 1 (Q2 FY25 mix). Building 2 (Q1 FY26 mix) adds no v5p, so this is unchanged from Building 1.",Epoch AI,2026-07-13T18:33:59.000Z,Epoch AI,2026-07-14 16:28:07+00:00
TPU v6e at Google The Dalles on 2026-04-29T00:00:00.000Z,Google The Dalles,2026-04-29,TPU v6e,119473.0,Estimate,Estimate,,,"Building 1+2 cumulative v6e: Building 1 (Q2 FY25 mix) plus Building 2's v6e share (Q1 FY26 mix). Chip type and quantity derived from Timeline power, TPU_Production shares, and Parameters TDP.",Epoch AI,2026-07-13T18:33:59.000Z,Epoch AI,2026-07-14 16:28:06+00:00
TPU v7 at Google The Dalles on 2026-04-29T00:00:00.000Z,Google The Dalles,2026-04-29,TPU v7,35757.0,Estimate,Estimate,,,"Building 2 (comes online 2026-04-29). Chip type/quantity from the Q1 FY26 production mix (v6e + v7), applied to Building 2's incremental IT power. Q2 FY26 is extrapolated with no chip breakdown, so Q1 FY26 (last real quarter) is used, following the Google Arcola approach.",Epoch AI,2026-07-14T16:28:07.000Z,Epoch AI,2026-07-14 16:28:07+00:00
H100 at Stream Phoenix on 2026-05-01T00:00:00.000Z,Stream Phoenix,2026-05-01,H100,46112.0,Estimate,Estimate,,,"This is for building 1; the shell is complete, and it should be operational as of this date.  H100 stub retained but no count available.",Epoch AI,2026-04-08T22:17:52.000Z,Epoch AI,2026-04-08 22:17:52+00:00
B300 at Meta Huntsville on 2026-05-03T00:00:00.000Z,Meta Huntsville,2026-05-03,B300,66004.0,Estimate,Estimate,Meta #confident,Meta #confident,,Epoch AI,2026-07-14T21:33:59.000Z,Epoch AI,2026-07-15 06:48:14+00:00
B200 at CoreWeave Marble NC on 2026-05-06T00:00:00.000Z,CoreWeave Marble NC,2026-05-06,B200,31100.0,Estimate,Estimate,CoreWeave #confident,,Core Scientific reported Marble as fully handed over to CoreWeave at about 65 MW of leased customer power. Chip type and count are not disclosed for Marble. Estimate assumes GB200 NVL72 racks with 72 Blackwell GPUs per rack and 0.132 MW per rack. (Core Scientific Fiscal Q1 2026 Earnings Call),Epoch AI,2026-05-08T21:06:19.000Z,Epoch AI,2026-06-05 00:45:56+00:00
Trainium2 at Amazon Ridgeland on 2026-05-15T00:00:00.000Z,Amazon Ridgeland,2026-05-15,Trainium2,261244.0,Estimate,Estimate,Amazon #confident,Amazon #confident,"Chip type assumed from Project Rainier announcement (Trainium2). 4 buildings (type 1, 26 generators each) operational. Count = buildings × chips per building, where chips per building = generator-based power / (PUE × IT overhead × chip TDP).",Epoch AI,2026-06-30T21:32:01.000Z,Epoch AI,2026-06-30 21:32:01+00:00
B200 at Meta Prometheus on 2026-05-18T00:00:00.000Z,Meta Prometheus,2026-05-18,B200,268973.0,Estimate,Estimate,Meta #confident,Meta #confident,"Adds Meta tent buildings 11-15. Same model, updated total power.",Epoch AI,2026-04-02T19:46:43.000Z,Epoch AI,2026-07-13 16:03:19+00:00
B200 at AWS New Albany on 2026-05-18T00:00:00.000Z,AWS New Albany,2026-05-18,B200,33247.0,Estimate,Estimate,Amazon #confident,AWS #confident,"Cumulative B200 count after northern Building 1 is added, with B200 providing one-third of modeled post-Q2-2025 compute.",Epoch AI,2026-07-14T17:16:28.000Z,Epoch AI,2026-07-17 13:55:54+00:00
H200 at AWS New Albany on 2026-05-18T00:00:00.000Z,AWS New Albany,2026-05-18,H200,83998.0,Estimate,Estimate,Amazon #confident,AWS #confident,"Cumulative H200 count after northern Building 1 is added, with H200 providing one-third of modeled post-Q2-2025 compute.",Epoch AI,2026-07-17T13:55:54.000Z,Epoch AI,2026-07-17 13:55:54+00:00
Trainium2 at AWS New Albany on 2026-05-18T00:00:00.000Z,AWS New Albany,2026-05-18,Trainium2,423295.0,Estimate,Estimate,Amazon #confident,AWS #confident,Includes the original Trainium2 baseline plus Trainium2 providing one-third of all newer operational compute.,Epoch AI,2026-07-17T13:55:55.000Z,Epoch AI,2026-07-17 13:55:55+00:00
TPU v7 at Google Bristow on 2026-05-20T00:00:00.000Z,Google Bristow,2026-05-20,TPU v7,37418.0,Estimate,Estimate,Google #confident,Google DeepMind #likely,,Epoch AI,2026-07-08T22:22:18.000Z,Epoch AI,2026-07-08 22:22:18+00:00
TPU v6e at Google Bristow on 2026-05-20T00:00:00.000Z,Google Bristow,2026-05-20,TPU v6e,147409.0,Estimate,Estimate,Google #confident,Google DeepMind #likely,Building 3 (Q1 FY26 mix).  In addition to Biulding 1 and 2 with same methodolgy.,Epoch AI,2026-07-08T22:22:18.000Z,Epoch AI,2026-07-08 22:22:18+00:00
TPU v5p at Google Bristow on 2026-05-20T00:00:00.000Z,Google Bristow,2026-05-20,TPU v5p,63313.0,Estimate,Estimate,Google #confident,Google DeepMind #likely,,Epoch AI,2026-07-08T22:22:18.000Z,Epoch AI,2026-07-08 22:22:18+00:00
TPU v5e at Google Bristow on 2026-05-20T00:00:00.000Z,Google Bristow,2026-05-20,TPU v5e,151955.0,Estimate,Estimate,Google #confident,Google DeepMind #likely,,Epoch AI,2026-07-08T22:22:18.000Z,Epoch AI,2026-07-08 22:22:18+00:00
B200 at CoreWeave Chester VA on 2026-05-20T00:00:00.000Z,CoreWeave Chester VA,2026-05-20,B200,26162.0,Estimate,Estimate,CoreWeave #confident,,Estimated Building 2 B200 count using Building 2’s share of modeled CTP-02/03 IT power.,Epoch AI,2026-07-14T23:18:41.000Z,Epoch AI,2026-07-14 23:18:41+00:00
B300 at OpenAI Stargate Abilene on 2026-05-23T00:00:00.000Z,OpenAI Stargate Abilene,2026-05-23,B300,100800.0,Estimate,Estimate,Oracle #confident,OpenAI #confident,"Building design is the same but the chillers are slightly larger, suggesting the same number of servers but slightly more power per server. This is consistent with B300, as is the timing with B300 chip sales ramping up.",Epoch AI,2026-04-22T20:08:29.000Z,Epoch AI,2026-05-16 10:28:24+00:00
B200 at Meta Prometheus on 2026-05-28T00:00:00.000Z,Meta Prometheus,2026-05-28,B200,301951.0,Estimate,Estimate,Meta #confident,Meta #confident,"Adds Building 17 (Vantage). Same model, updated total power.",Epoch AI,2026-04-02T19:46:43.000Z,Epoch AI,2026-07-13 16:03:19+00:00
TPU v7 at Fluidstack Lake Mariner on 2026-05-31T00:00:00.000Z,Fluidstack Lake Mariner,2026-05-31,TPU v7,25120.0,Estimate,Estimate,Fluidstack #likely,Anthropic #likely,"Building 3. Leased to [Fluidstack](https://investors.terawulf.com/news-events/press-releases/detail/112/terawulf-signs-200-mw-10-year-ai-hosting-agreements-with), likely containing [Google TPUs](https://www.datacenterdynamics.com/en/news/google-offers-its-tpus-to-ai-cloud-providers-report/), likely used by [Anthropic](https://www.anthropic.com/news/anthropic-invests-50-billion-in-american-ai-infrastructure). Assume TPU v7 (Ironwood), since v7 is expected to dominate TPU production by mid-2026 (see TPU_Production). Count = IT power / default AI chip IT overhead / TPU v7 TDP.",Epoch AI,2026-07-15T23:46:17.000Z,Epoch AI,2026-07-15 23:46:17+00:00
H200 at Colossus 1 on 2026-06-01T00:00:00.000Z,Colossus 1,2026-06-01,H200,50000.0,Company disclosure,Company disclosure,SpaceXAI #confident,Anthropic #confident,"https://www.anthropic.com/news/higher-limits-spacex. As of June, because they said ""within the month [of May]""",Epoch AI,2026-05-07T22:24:52.000Z,Epoch AI,2026-05-16 10:30:42+00:00
B200 at Colossus 1 on 2026-06-01T00:00:00.000Z,Colossus 1,2026-06-01,B200,30000.0,Company disclosure,Company disclosure,SpaceXAI #confident,Anthropic #confident,"https://www.anthropic.com/news/higher-limits-spacex. As of June, because they said ""within the month [of May]""",Epoch AI,2026-05-07T22:24:52.000Z,Epoch AI,2026-05-16 10:30:43+00:00
H100 at Colossus 1 on 2026-06-01T00:00:00.000Z,Colossus 1,2026-06-01,H100,150000.0,Company disclosure,Company disclosure,SpaceXAI #confident,Anthropic #confident,"https://www.anthropic.com/news/higher-limits-spacex. As of June, because they said ""within the month [of May]""",Epoch AI,2026-05-07T22:24:52.000Z,Epoch AI,2026-05-16 10:30:41+00:00
B300 at Meta Kuna on 2026-06-01T00:00:00.000Z,Meta Kuna,2026-06-01,B300,68571.0,Estimate,Estimate,Meta #confident,Meta #confident,"Presumably the same as Meta Temple, and the most sold chip in Q4 2025 by a small margin.",Epoch AI,2026-07-14T03:07:19.000Z,Epoch AI,2026-07-14 03:07:19+00:00
B200 at Microsoft Fairwater Atlanta on 2026-06-14T00:00:00.000Z,Microsoft Fairwater Atlanta,2026-06-14,B200,304279.0,Estimate,Estimate,Microsoft #confident,Microsoft #confident,All 4 buildings. Same model using total facility power.,Epoch AI,2026-06-09T16:57:37.000Z,Epoch AI,2026-06-09 16:57:37+00:00
B300 at Meta Gallatin on 2026-06-15T00:00:00.000Z,Meta Gallatin,2026-06-15,B300,39453.0,Estimate,Estimate,Meta #confident,Meta #confident,GB300 NVL72 assumed from commissioning timeline and estimates from https://epoch.ai/data/ai-chip-owners . Count = Total IT power / IT overhead / server power x 72.,Epoch AI,2026-06-16T21:05:04.000Z,Epoch AI,2026-06-16 21:05:04+00:00
B300 at Meta Montgomery on 2026-06-18T00:00:00.000Z,Meta Montgomery,2026-06-18,B300,69074.0,Estimate,Estimate,Meta #confident,Meta #confident,"Assumed based on chip ownership data, number calculated from estimated IT power",Epoch AI,2026-06-11T20:49:34.000Z,Epoch AI,2026-06-11 20:49:34+00:00
B200 at Coreweave Helios on 2026-06-30T00:00:00.000Z,Coreweave Helios,2026-06-30,B200,63151.0,Estimate,Estimate,CoreWeave #confident,CoreWeave #confident,"GB200 NVL72 assumed from rack density specs (130-140 kW, matching NVL72). Phase I (1 building, 200 MW). Count = reported facility power / PUE / IT overhead / server power × 72.",Epoch AI,2026-04-02T19:45:37.000Z,Epoch AI,2026-05-16 10:31:50+00:00
B200 at CoreWeave Denton TX on 2026-06-30T00:00:00.000Z,CoreWeave Denton TX,2026-06-30,B200,100000.0,Estimate,Estimate,CoreWeave #confident,OpenAI #likely,"This is the estimated final CoreWeave AI load. Since it's disclosed to be >50,000 GPUs at ~130 MW, a safe estimate can be 100,000 GPUs at the full 260 MW. (MarketBeat)",Epoch AI,2026-05-14T15:54:00.000Z,Epoch AI,2026-05-16 10:34:07+00:00
B300 at Colossus 2 on 2026-07-01T00:00:00.000Z,Colossus 2,2026-07-01,B300,330000.0,Company disclosure,Company disclosure,SpaceXAI #confident,SpaceXAI #confident,"[Company S-1 filing, page 76](https://www.sec.gov/Archives/edgar/data/1181412/000162828026036936/spaceexplorationtechnologi.htm)",Epoch AI,2026-05-24T17:53:06.000Z,Epoch AI,2026-07-07 15:01:04+00:00
Ascend 910C at Huawei Horinger on 2026-07-01T00:00:00.000Z,Huawei Horinger,2026-07-01,Ascend 910C,163291.0,Estimate,Estimate,Huawei #confident,,,Epoch AI,2026-07-09T20:37:15.000Z,Epoch AI,2026-07-09 20:37:15+00:00
B300 at Meta Aiken on 2026-07-15T00:00:00.000Z,Meta Aiken,2026-07-15,B300,64098.0,Estimate,Meta #confident,Meta #confident,"Assumed based on chip ownership data, number calculated from estimated IT power",,Epoch AI,2026-06-12T17:04:02.000Z,Axel Campos,2026-06-15 18:30:53+00:00
B300 at Meta Cheyenne on 2026-07-25T00:00:00.000Z,Meta Cheyenne,2026-07-25,B300,68367.0,Estimate,Estimate,Meta #confident,Meta #confident,"Assumed based on chip ownership data, number calculated from estimated IT power",Epoch AI,2026-06-18T15:12:46.000Z,Epoch AI,2026-06-30 20:43:13+00:00
Trainium2 at AWS Berwick on 2026-08-01T00:00:00.000Z,AWS Berwick,2026-08-01,Trainium2,129434.0,Estimate,Estimate,Amazon #confident,,Building 3 is added to the operational estimate. Quantity is estimated from modeled IT power using the same Trainium2 chips-per-IT-MW assumption as the earlier rows. Actual deployed hardware may differ.,Epoch AI,2026-07-17T20:54:09.000Z,Epoch AI,2026-07-17 20:54:09+00:00
B300 at Meta Sarpy on 2026-08-02T00:00:00.000Z,Meta Sarpy,2026-08-02,B300,36300.0,Estimate,Estimate,Meta #confident,Meta #confident,GB300 NVL72 assumed from commissioning timeline and estimates from https://epoch.ai/data/ai-chip-owners . Count = Total IT power / IT overhead / server power x 72.,Epoch AI,2026-07-07T21:34:05.000Z,Epoch AI,2026-07-07 21:34:05+00:00
B300 at Southgate Melbourne on 2026-08-09T00:00:00.000Z,Southgate Melbourne,2026-08-09,B300,18400.0,Company disclosure,Company disclosure,Firmus #confident,,"Confirmed via company disclosure (Firmus press releases citing 18,400 GB300 GPUs for this Melbourne facility). Cooling capacity confirms this building can support at least this many chips (plus headroom); we report only the confirmed disclosed figure rather than speculating on additional capacity.",Epoch AI,2026-07-16T20:21:15.000Z,Epoch AI,2026-07-16 21:24:41+00:00
B200 at Meta Prometheus on 2026-08-26T00:00:00.000Z,Meta Prometheus,2026-08-26,B200,334928.0,Estimate,Estimate,Meta #confident,Meta #confident,"Adds Building 18 (Vantage). Same model, updated total power.",Epoch AI,2026-04-02T19:46:43.000Z,Epoch AI,2026-07-13 16:03:19+00:00
B300 at Meta Temple on 2026-09-30T00:00:00.000Z,Meta Temple,2026-09-30,B300,80139.0,Estimate,Estimate,Meta #confident,Meta #confident,"Adds Building 3. Same model, adding Building 3 IT capacity (estimated from tent design power, ~40 MW total / PUE).",Epoch AI,2026-04-02T19:45:38.000Z,Epoch AI,2026-06-11 20:53:36+00:00
B200 at Meta Prometheus on 2026-10-01T00:00:00.000Z,Meta Prometheus,2026-10-01,B200,408539.0,Estimate,Estimate,Meta #confident,Meta #confident,"Adds Buildings 19-24 (Meta tents), powered by Socrates South and North gas plants (each 200 MW). Same model.",Epoch AI,2026-04-02T19:46:44.000Z,Epoch AI,2026-07-13 16:03:20+00:00
B300 at DayOne Nusajaya on 2026-10-02T00:00:00.000Z,DayOne Nusajaya,2026-10-02,B300,217467.0,Estimate,Estimate,"ByteDance #likely, Oracle #likely",,"B300 based on the timing of total chip sales in the prior quarter (https://epoch.ai/data/ai-chip-sales), plus DayOne's partnership with NVIDIA (they mention using GB200 here: https://dayonedc.com/our-solutions). ByteDance likely: https://asiatimes.com/2026/03/nvidia-chip-curbs-turn-singapore-into-ai-hub-for-china/, https://english.cw.com.tw/article/article.action?id=4385. Oracle likely: https://newsletter.semianalysis.com/p/how-oracle-is-winning-the-ai-compute-market",Epoch AI,2026-05-08T22:23:32.000Z,Epoch AI,2026-06-12 18:43:03+00:00
Trainium2 at Anthropic-Amazon New Carlisle on 2026-10-19T00:00:00.000Z,Anthropic-Amazon New Carlisle,2026-10-19,Trainium2,1044980.0,Company disclosure,Estimate,Amazon #confident,Anthropic #confident,All 18 buildings operational. Same model.,Epoch AI,2026-06-16T18:08:09.000Z,Epoch AI,2026-07-15 16:43:38+00:00
B300 at OpenAI Stargate Abilene on 2026-11-01T00:00:00.000Z,OpenAI Stargate Abilene,2026-11-01,B300,302400.0,Estimate,Estimate,Oracle #confident,OpenAI #confident,"Buildings 5-8 come online, bringing total B300 buildings to 6. Same building design as B200 buildings but slightly larger chillers suggest same server count with higher power per server, consistent with B300 and timing of B300 chip sales ramp.",Epoch AI,2026-07-13T15:59:10.000Z,Epoch AI,2026-07-13 15:59:10+00:00
R200 at QTS Cedar Rapids on 2026-11-15T00:00:00.000Z,QTS Cedar Rapids,2026-11-15,R200,111585.0,Estimate,Estimate,,,VR200 NVL72 assumed based on expected availability at time of operation (late 2026). Buildings 1-3. Count from air-cooled chiller fan count model for IT capacity / (IT overhead × server power) × 72.,Epoch AI,2026-04-02T19:46:48.000Z,Epoch AI,2026-04-02 19:46:48+00:00
B200 at G42-Khazna Ajman on 2026-12-01T00:00:00.000Z,G42-Khazna Ajman,2026-12-01,B200,47847.0,Estimate,Estimate,G42 #confident,G42 #confident,GB200 NVL72 assumed. Count = chips per data hall × 20 data halls. Chips per data hall derived from 5 MW IT per hall / (IT overhead × 8 containment modules per hall power budget / server power × 72).,Epoch AI,2026-04-02T19:43:24.000Z,Epoch AI,2026-05-16 10:29:34+00:00
B300 at OpenAI Stargate UAE on 2026-12-01T00:00:00.000Z,OpenAI Stargate UAE,2026-12-01,B300,100000.0,Estimate,Estimate,MGX #estimate,OpenAI #estimate,"B300 based on https://www.g42.ai/resources/news/global-tech-alliance-launches-stargate-uae. Count = 100,000 chips/year available to G42 per US export approval. [Bloomberg](https://www.bloomberg.com/news/articles/2025-10-09/us-approves-several-billion-dollars-of-nvidia-nvda-ai-chip-sales-to-uae)",Epoch AI,2026-05-18T18:38:07.000Z,Epoch AI,2026-05-18 18:38:07+00:00
B300 at Goodnight on 2026-12-15T00:00:00.000Z,Goodnight,2026-12-15,B300,49282.0,Estimate,Estimate,Google #speculative,Google #speculative,GB300 NVL72 assumed from similar design to Stargate Abilene and timing. Count = 103 MW IT power (from tax abatement agreement) / (IT overhead × server power) × 72.,Epoch AI,2026-06-22T22:41:40.000Z,Epoch AI,2026-06-22 22:41:40+00:00
B200 at CoreWeave Ellendale ND on 2026-12-31T00:00:00.000Z,CoreWeave Ellendale ND,2026-12-31,B200,118700.0,Estimate,Estimate,CoreWeave #confident,,"Modeled date for Building 2 reaching full service. Chip count uses modeled Building 1 IT load plus the officially disclosed 150 MW for Building 2, for 217.7 MW total modeled IT load.",Epoch AI,2026-05-27T18:14:04.000Z,Epoch AI,2026-07-08 21:24:48+00:00
B300 at CoreWeave Muskogee OK on 2026-12-31T00:00:00.000Z,CoreWeave Muskogee OK,2026-12-31,B300,36000.0,Company disclosure,Estimate,CoreWeave #confident,,"Core Scientific says the leased 70 MW Muskogee building is designed for the Nvidia GB300 platform and targeted for Q2 2026 delivery. The exact chip count is not disclosed, so this estimates B300 GPUs from the disclosed IT load using an assumed all-in IT load per GPU. Owner is CoreWeave because Core Scientific says the site will host CoreWeave's NVIDIA GPUs. User is undisclosed because the customer was explicitly not named.",Epoch AI,2026-06-15T22:34:23.000Z,Epoch AI,2026-06-15 22:34:23+00:00
B300 at Meta Montgomery on 2027-01-02T00:00:00.000Z,Meta Montgomery,2027-01-02,B300,161283.0,Estimate,Estimate,Meta #confident,Meta #confident,"Assumed based on chip ownership data, number calculated from estimated IT power",Epoch AI,2026-06-11T20:49:35.000Z,Epoch AI,2026-06-11 20:49:35+00:00
B300 at Goodnight on 2027-02-15T00:00:00.000Z,Goodnight,2027-02-15,B300,98565.0,Estimate,Estimate,Google #speculative,Google #speculative,"2 buildings operational. Same model, doubled.",Epoch AI,2026-06-22T22:41:40.000Z,Epoch AI,2026-06-22 22:41:40+00:00
B300 at Meta Cheyenne on 2027-02-15T00:00:00.000Z,Meta Cheyenne,2027-02-15,B300,99382.0,Estimate,Estimate,Meta #confident,Meta #confident,"Assumed based on chip ownership data, number calculated from estimated IT power",Epoch AI,2026-06-30T20:43:13.000Z,Epoch AI,2026-06-30 20:43:13+00:00
B200 at Microsoft Fairwater Wisconsin on 2027-02-20T00:00:00.000Z,Microsoft Fairwater Wisconsin,2027-02-20,B200,352782.0,Company disclosure,Estimate,Microsoft #confident,Microsoft #confident,2 buildings operational. Same model based on estimated IT power.,Epoch AI,2026-04-17T22:18:05.000Z,Epoch AI,2026-07-13 23:25:15+00:00
B300 at Meta Montgomery on 2027-02-23T00:00:00.000Z,Meta Montgomery,2027-02-23,B300,92209.0,Estimate,Estimate,Meta #confident,Meta #confident,"Assumed based on chip ownership data, number calculated from estimated IT power",Epoch AI,2026-06-11T20:49:34.000Z,Epoch AI,2026-06-11 20:49:34+00:00
B200 at CoreWeave Norway on 2027-04-01T00:00:00.000Z,CoreWeave Norway,2027-04-01,B200,,Estimate,Estimate,CoreWeave #speculative,,"Speculative future row. If Building 4 is modeled as another CoreWeave AI building similar to the 42 MW DCM102 facility, then it adds another estimated 30,240 B200/Blackwell GPUs.",Epoch AI,2026-07-07T20:37:01.000Z,Epoch AI,2026-07-09 18:30:00+00:00
B200 at CoreWeave Ellendale ND on 2027-06-01T00:00:00.000Z,CoreWeave Ellendale ND,2027-06-01,B200,200500.0,Estimate,Estimate,CoreWeave #confident,,"Modeled date for Building 3 reaching service around mid-2027. Chip count uses modeled Building 1 IT load plus 150 MW each for Buildings 2 and 3, for 367.7 MW total modeled IT load.",Epoch AI,2026-05-27T18:14:04.000Z,Epoch AI,2026-07-08 21:24:49+00:00
B200 at CoreWeave Chester VA on 2027-06-30T00:00:00.000Z,CoreWeave Chester VA,2027-06-30,B200,41012.0,Estimate,Estimate,CoreWeave #confident,,Estimated combined B200 count for CTP-02 and CTP-03 using the modeled 85.71 MW of IT power. Uses the GB200 NVL72 fallback.,Epoch AI,2026-07-15T16:03:17.000Z,Epoch AI,2026-07-15 16:03:17+00:00
B200 at AWS New Albany on 2027-07-01T00:00:00.000Z,AWS New Albany,2027-07-01,B200,59844.0,Estimate,Estimate,Amazon #confident,AWS #confident,Projected cumulative B200 count under the post-Q2-2025 equal-compute mixture.,Epoch AI,2026-07-14T17:16:29.000Z,Epoch AI,2026-07-17 13:55:55+00:00
Trainium2 at AWS New Albany on 2027-07-01T00:00:00.000Z,AWS New Albany,2027-07-01,Trainium2,525671.0,Estimate,Estimate,Amazon #confident,AWS #confident,Original Trainium2 baseline plus the projected Trainium2 share of newer full-buildout capacity.,Epoch AI,2026-07-14T17:16:29.000Z,Epoch AI,2026-07-17 13:55:55+00:00
H200 at AWS New Albany on 2027-07-01T00:00:00.000Z,AWS New Albany,2027-07-01,H200,151197.0,Estimate,Estimate,Amazon #confident,AWS #confident,Projected cumulative H200 count under the post-Q2-2025 equal-compute mixture.,Epoch AI,2026-07-17T13:55:55.000Z,Epoch AI,2026-07-17 13:55:55+00:00
Trainium2 at AWS Berwick on 2027-08-01T00:00:00.000Z,AWS Berwick,2027-08-01,Trainium2,194506.0,Estimate,Estimate,Amazon #confident,,Building 4 is added to the operational estimate. Quantity is estimated from modeled IT power using the same Trainium2 chips-per-IT-MW assumption as the earlier rows.,Epoch AI,2026-07-17T20:54:09.000Z,Epoch AI,2026-07-17 20:54:09+00:00
R200 at OpenAI Stargate Shackelford on 2027-08-15T00:00:00.000Z,OpenAI Stargate Shackelford,2027-08-15,R200,34880.0,Estimate,Estimate,Oracle #confident,OpenAI #confident,VR200 NVL72 assumed based on expected availability by 2027. Building 1 (140 MW IT). Count = IT power / (IT overhead × VR200 server power) × 72.,Epoch AI,2026-07-07T21:34:50.000Z,Epoch AI,2026-07-07 21:34:50+00:00
B200 at Vantage TX1 on 2027-08-31T00:00:00.000Z,Vantage TX1,2027-08-31,B200,61244.0,Estimate,Estimate,,,"Adds Building 2 (96 MW reported IT power, TDLR). Same model, cumulative.",Epoch AI,2026-04-02T19:46:50.000Z,Epoch AI,2026-04-02 19:46:50+00:00
R200 at Crusoe Abilene Expansion on 2027-09-17T00:00:00.000Z,Crusoe Abilene Expansion,2027-09-17,R200,83713.0,Estimate,Estimate,NVIDIA #speculative,Meta #speculative,"[Bloomberg](https://www.bloomberg.com/news/articles/2026-03-06/oracle-and-openai-end-plans-to-expand-flagship-data-center). R200 Expected in 2H2026, so should be shipping in high volume by the time Building 9-10 are operational. Rubin Ultra likely not ready in the required volume. Estimated from power capacity.",Epoch AI,2026-03-09T19:28:52.000Z,Epoch AI,2026-05-16 10:34:12+00:00
R200 at Goodnight on 2027-10-01T00:00:00.000Z,Goodnight,2027-10-01,R200,199316.0,Estimate,Estimate,Google #speculative,Google #speculative,"Buildings 3-6 use VR200 NVL72 (expected next-gen by operational date). Count = 4 buildings × chips per building, where per-building power is based on labeled blueprints in regulatory documents.",Epoch AI,2026-04-02T19:45:40.000Z,Epoch AI,2026-06-18 05:41:50+00:00
R200 at Crusoe Abilene Expansion on 2027-11-11T00:00:00.000Z,Crusoe Abilene Expansion,2027-11-11,R200,167426.0,Estimate,Estimate,NVIDIA #speculative,Meta #speculative,"[Bloomberg](https://www.bloomberg.com/news/articles/2026-03-06/oracle-and-openai-end-plans-to-expand-flagship-data-center). R200 Expected in 2H2026, so should be shipping in high volume by the time Building 9-10 are operational. Rubin Ultra likely not ready in the required volume. Estimated from power capacity.",Epoch AI,2026-03-09T19:28:53.000Z,Epoch AI,2026-05-16 10:34:12+00:00
R300 at QTS Cedar Rapids on 2027-11-15T00:00:00.000Z,QTS Cedar Rapids,2027-11-15,R300,144303.0,Estimate,Estimate,,,"Rubin Ultra NVL576 for buildings 4-7, assumed from expected availability (late 2027). Count from chiller-based IT capacity / (IT overhead × server power) × 144.",Epoch AI,2026-04-02T19:46:49.000Z,Epoch AI,2026-04-02 19:46:49+00:00
R200 at OpenAI Stargate UAE on 2028-01-01T00:00:00.000Z,OpenAI Stargate UAE,2028-01-01,R200,300000.0,Estimate,Estimate,MGX #estimate,OpenAI #estimate,VR200 NVL72 for expansion (next-gen by 2028). Count = 3 years of chip allocation at 100k chips/year.,Epoch AI,2026-04-02T19:43:21.000Z,Epoch AI,2026-05-16 10:29:29+00:00
B200 at Coreweave Helios on 2028-01-01T00:00:00.000Z,Coreweave Helios,2028-01-01,B200,189452.0,Estimate,Estimate,CoreWeave #confident,CoreWeave #confident,"Phase II complete (3 buildings, 600 MW). Same model.",Epoch AI,2026-04-02T19:45:37.000Z,Epoch AI,2026-05-16 10:31:51+00:00
R200 at Meta Hyperion on 2028-01-01T00:00:00.000Z,Meta Hyperion,2028-01-01,R200,309228.0,Estimate,Estimate,Meta #confident,Meta #confident,"VR200 NVL72 assumed based on expected availability by 2028 (1 year after release). Count = total facility power / (PUE × IT overhead × VR200 server power) × 72. 9 buildings in first phase, 2262 MW.",Epoch AI,2026-04-02T19:45:39.000Z,Epoch AI,2026-05-21 21:36:40+00:00
R200 at OpenAI Stargate Shackelford on 2028-03-08T00:00:00.000Z,OpenAI Stargate Shackelford,2028-03-08,R200,174402.0,Estimate,Estimate,Oracle #confident,OpenAI #confident,5 buildings operational (700 MW IT). Same per-building model.,Epoch AI,2026-07-07T21:34:51.000Z,Epoch AI,2026-07-07 21:34:51+00:00
Trainium2 at Amazon Madison Mega Site on 2028-03-15T00:00:00.000Z,Amazon Madison Mega Site,2028-03-15,Trainium2,783732.0,Estimate,Estimate,Amazon #confident,Amazon #confident,All 12 buildings operational. Same model as above.,Epoch AI,2026-06-12T18:43:00.000Z,Epoch AI,2026-07-15 19:17:28+00:00
B200 at CoreWeave Norway on 2028-04-01T00:00:00.000Z,CoreWeave Norway,2028-04-01,B200,,Estimate,Estimate,CoreWeave #speculative,,"Speculative future row. If Building 5 is modeled as another CoreWeave AI building similar to the 42 MW DCM102 facility, then it adds another estimated 30,240 B200/Blackwell GPUs.",Epoch AI,2026-07-07T20:37:01.000Z,Epoch AI,2026-07-09 18:30:00+00:00
B200 at Microsoft Fairwater Wisconsin on 2028-05-13T00:00:00.000Z,Microsoft Fairwater Wisconsin,2028-05-13,B200,1791897.0,Company disclosure,Estimate,Microsoft #confident,Microsoft #confident,Full chip estimate for 11 buildings operational. Count derived from the final projected FP8 performance for Buildings 1-11 using the standardized B200 per-chip performance.,Epoch AI,2026-07-13T22:22:05.000Z,Epoch AI,2026-07-13 22:22:05+00:00
B200 at Microsoft Fairwater Wisconsin on 2028-05-13T00:00:00.000Z,Microsoft Fairwater Wisconsin,2028-05-13,B200,1791897.0,Company disclosure,Estimate,Microsoft #confident,Microsoft #confident,Full chip estimate for 11 buildings operational. Count derived from the final projected FP8 performance for Buildings 1-11 using the standardized B200 per-chip performance.,Epoch AI,2026-07-13T22:24:26.000Z,Epoch AI,2026-07-13 22:24:26+00:00
Trainium2 at Amazon Ridgeland on 2028-09-29T00:00:00.000Z,Amazon Ridgeland,2028-09-29,Trainium2,763636.0,Estimate,Estimate,Amazon #confident,Amazon #confident,"All 14 buildings. Buildings 1-4 have 26 generators each, buildings 5-14 have 28, giving different chip counts per building type.",Epoch AI,2026-07-07T16:47:19.000Z,Epoch AI,2026-07-07 16:47:19+00:00
R300 at OpenAI Stargate Shackelford on 2028-11-11T00:00:00.000Z,OpenAI Stargate Shackelford,2028-11-11,R300,147368.0,Estimate,Estimate,Oracle #confident,OpenAI #confident,"Buildings 6-10 expected to use Rubin Ultra NVL576, based on expected availability by late 2028. Count = 5 buildings × IT power per building / (IT overhead × Rubin Ultra server power) × 144 chips per server.",Epoch AI,2026-07-07T21:34:51.000Z,Epoch AI,2026-07-07 21:34:51+00:00
B200 at Coreweave Helios on 2029-01-01T00:00:00.000Z,Coreweave Helios,2029-01-01,B200,252602.0,Estimate,Estimate,CoreWeave #confident,CoreWeave #confident,"All phases complete (4 buildings, 800 MW). Same model. [Applied Digital corporate update](https://investor.galaxy.com/news-releases/news-release-details/applied-digital-provides-corporate-update-1)",Epoch AI,2026-04-02T19:45:37.000Z,Epoch AI,2026-05-16 10:31:51+00:00
